Workbook

Sheet Лист1

Sheet Лист2
A1: t | B1: y1 приближенное | C1: y2 приближенное | D1: y1 точное | E1: y2 точное
A2: 0 | B2: 0.707107 | C2: 0 | D2: 0.707107 | E2: 0
A3: 0.1 | B3: 0.667593 | C3: 0.0669822 | D3: 0.667592 | E3: 0.0669826
A4: 0.2 | B4: 0.620866 | C4: 0.125855 | D4: 0.620865 | E4: 0.125855
A5: 0.3 | B5: 0.568683 | C5: 0.175913 | D5: 0.568681 | E5: 0.175914
A6: 0.4 | B6: 0.512848 | C6: 0.216828 | D6: 0.512846 | E6: 0.216828
A7: 0.5 | B7: 0.455113 | C7: 0.248629 | D7: 0.45511 | E7: 0.248628
A8: 0.6 | B8: 0.397086 | C8: 0.271662 | D8: 0.397084 | E8: 0.27166
A9: 0.7 | B9: 0.340177 | C9: 0.286528 | D9: 0.340175 | E9: 0.286526
A10: 0.8 | B10: 0.28555 | C10: 0.294016 | D10: 0.285549 | E10: 0.294012
A11: 0.9 | B11: 0.234118 | C11: 0.29503 | D11: 0.234118 | E11: 0.295025
A12: 1 | B12: 0.186543 | C12: 0.29053 | D12: 0.186544 | E12: 0.290524
A13: 1.1 | B13: 0.143259 | C13: 0.28148 | D13: 0.143261 | E13: 0.281473
... A52: 5 | B52: 0.00191111 | C52: -0.00646185 | D52: 0.00191126 | E52: -0.00646103

Sheet Лист3
A1: h | B1: e | D1: e/h**3
A2: 0.000195313 | B2: 5.9952e-14 | D2: 0.00846374
A3: 0.000390625 | B3: 4.78284e-13 | D3: 0.00824788
A4: 0.00078125 | B4: 3.83056e-12 | D4: 0.0081376
A5: 0.0015625 | B5: 3.0655e-11 | D5: 0.00808337
A6: 0.003125 | B6: 2.45448e-10 | D6: 0.00805633
A7: 0.00625 | B7: 1.96688e-09 | D7: 0.00804283
A8: 0.0125 | B8: 1.57878e-08 | D8: 0.00803604
A9: 0.025 | B9: 1.2715e-07 | D9: 0.00803327
A10: 0.05 | B10: 1.03098e-06 | D10: 0.00802428
A11: 0.0769231 | B11: 3.80916e-06 | D11: 0.00804663
A12: 0.1 | B12: 8.46374e-06 | D12: 0.00836873

Sheet Лист4
A1: h | B1: e/h**3
A2: 0.1 | B2: 0.00846374
A3: 0.05 | B3: 0.00824788
A4: 0.025 | B4: 0.0081376
A5: 0.0125 | B5: 0.00808337
A6: 0.00625 | B6: 0.00805633
A7: 0.003125 | B7: 0.00804283
A8: 0.0015625 | B8: 0.00803604
A9: 0.00078125 | B9: 0.00803327
A10: 0.000390625 | B10: 0.00802428
A11: 0.000195313 | B11: 0.00804663

Sheet Лист5
A1: t | B1: y1 | C1: y2 | D1: u1 | E1: u2
A2: 0 | B2: 0.707107 | C2: 0 | D2: 0.707107 | E2: 0
A3: 0.025 | B3: 0.697562 | C3: 0.0172205 | D3: 0.697996 | E3: 0.0174535
A4: 0.05 | B4: 0.687497 | C4: 0.0339701 | D4: 0.688356 | E4: 0.0344465
A5: 0.075 | B5: 0.676935 | C5: 0.050232 | D5: 0.678213 | E5: 0.0509616
A6: 0.1 | B6: 0.665905 | C6: 0.0659904 | D6: 0.667592 | E6: 0.0669826
A7: 0.125 | B7: 0.654434 | C7: 0.0812314 | D7: 0.65652 | E7: 0.0824951
A8: 0.15 | B8: 0.642549 | C8: 0.0959423 | D8: 0.645023 | E8: 0.0974856
A9: 0.175 | B9: 0.630279 | C9: 0.110112 | D9: 0.633128 | E9: 0.111943
A10: 0.2 | B10: 0.617653 | C10: 0.123731 | D10: 0.620865 | E10: 0.125855
A11: 0.225 | B11: 0.604699 | C11: 0.136791 | D11: 0.60826 | E11: 0.139216
A12: 0.25 | B12: 0.591448 | C12: 0.149285 | D12: 0.595342 | E12: 0.152016
A13: 0.275 | B13: 0.577928 | C13: 0.16121 | D13: 0.582139 | E13: 0.16425
... A202: 5 | B202: 0.00212436 | C202: -0.00643258 | D202: 0.00191126 | E202: -0.00646103

Sheet Лист6
A1: 28 страница, проверка порядка точности

Sheet Лист7
A1: =LOG10(Лист3!A2) -> -3.7092688 | B1: =LOG10(Лист3!$B2) -> -13.222196
A2: =LOG10(Лист3!$A3) -> -3.40824 | B2: =LOG10(Лист3!$B3) -> -12.320314
A3: =LOG10(Лист3!$A4) -> -3.10721 | B3: =LOG10(Лист3!$B4) -> -11.416738
A4: =LOG10(Лист3!$A5) -> -2.80618 | B4: =LOG10(Лист3!$B5) -> -10.513499
A5: =LOG10(Лист3!$A6) -> -2.50515 | B5: =LOG10(Лист3!$B6) -> -9.6100405
A6: =LOG10(Лист3!$A7) -> -2.20412 | B6: =LOG10(Лист3!$B7) -> -8.7062221
A7: =LOG10(Лист3!$A8) -> -1.90309 | B7: =LOG10(Лист3!$B8) -> -7.8016784
A8: =LOG10(Лист3!$A9) -> -1.60206 | B8: =LOG10(Лист3!$B9) -> -6.8956836
A9: =LOG10(Лист3!$A10) -> -1.30103 | B9: =LOG10(Лист3!$B10) -> -5.9867498
A10: =LOG10(Лист3!$A11) -> -1.1139432 | B10: =LOG10(Лист3!$B11) -> -5.4191708
A11: =LOG10(Лист3!$A12) -> -1 | B11: =LOG10(Лист3!$B12) -> -5.0724377
